P,0.863082051,,,@
o,0.852680683,,,
,0.852107048,,,
ӽo,0.845796824,,,
ή,0.842156768,,,
륩,0.842101455,,,
˹,0.822609663,,,
P,0.801410913,,,
mAv,0.797161639,,,
嶮,0.790675223,,,
j,0.785831928,,,
hP,0.766612887,,,
{NP,0.762958884,,,
Xn,0.757762074,,,
V,0.756951749,,,
XM,0.75524056,,,
,0.754548669,,,
ĲP,0.753953815,,,
,0.75383532,,,
c,0.75255239,,,
L,0.752388239,,,
s,0.749845803,,,
Ω,0.749607444,,,
ӿ,0.748886585,,,
h,0.748623848,,,
L,0.747501969,,,
Av,0.747147501,,,
H,0.745915532,,,
~,0.745870233,,,
,0.745284736,,,
uk,0.745245814,,,
,0.742970824,,,
,0.742227912,,,
u,0.741402149,,,
e{X,0.741292238,,,
A,0.740831971,,,
Φ,0.740055919,,,
,0.739930153,,,
@,0.739394367,,,
,0.737802625,,,
Gu,0.737341464,,,
,0.737316966,,,
,0.737044275,,,
es,0.733833075,,,
²b,0.73329407,,,
D`AX,0.731629729,,,
ۧ,0.730743587,,,
bz,0.730224371,,,
,0.728589356,,,
h,0.728072166,,,
fP,0.727605104,,,
ήi,0.727205753,,,
,0.726947308,,,
yZ,0.726868272,,,
ʲ,0.726336956,,,
,0.725976706,,,
i,0.725324035,,,
,0.723888457,,,
I,0.723838985,,,
,0.723831654,,,
A,0.723802686,,,
yu,0.723550081,,,
H,0.723182201,,,
,0.722898662,,,
j,0.722028613,,,
,0.721161366,,,
,0.721032262,,,
qz,0.720691025,,,
@{,0.719612956,,,
c,0.719404817,,,
B,0.719292402,,,
Oo,0.718773007,,,
˹,0.71840173,,,
AA,0.718064308,,,
,0.717028022,,,
,0.716839552,,,
֭,0.714568019,,,
@P,0.714518666,,,
,0.714509249,,,
z,0.713824987,,,
ڦ,0.713764012,,,
ݨ,0.713452637,,,
ִ,0.71342063,,,
O,0.712998986,,,
,0.712988973,,,
n,0.712619901,,,
,0.712457538,,,
j,0.712428451,,,
,0.711871266,,,
cT,0.711455107,,,
,0.711094022,,,
u,0.710828066,,,
˹~,0.710458398,,,
h,0.710363507,,,
Ox,0.709941745,,,
C,0.709621787,,,
tH,0.709429085,,,
ݮݦp,0.709269702,,,
w,0.708330154,,,
@,0.707903206,,,
yu,0.707267284,,,
ˤ,0.707188904,,,
˹,0.706595302,,,
ξA,0.706576467,,,
Pn,0.706457734,,,
ߥ,0.705987215,,,
,0.705642283,,,
֥,0.705449224,,,
L,0.70543772,,,
`L,0.704334915,,,
Ĳ,0.704236031,,,
~[,0.704219997,,,
Ůyq,0.704208672,,,
,0.703742385,,,
\,0.703287482,,,
J,0.702808678,,,
۵M,0.702408493,,,
,0.701665878,,,
~,0.701577663,,,
ε,0.701097667,,,
Ky,0.701067924,,,
OĪG,0.699979782,,,
,0.699451506,,,
c,0.69923538,,,
e,0.699002862,,,
,0.698865056,,,
,0.6988464,,,
װ,0.698606133,,,
j,0.698551416,,,
~,0.69841814,,,
ί,0.69806093,,,
,0.698013663,,,
O,0.697505593,,,
ʦH,0.69742465,,,
x,0.697370648,,,
CG,0.697174549,,,
e,0.697062373,,,
,0.696790457,,,
p,0.696626484,,,
~߭,0.696299314,,,
~,0.696046829,,,
,0.695545077,,,
²,0.695360661,,,
,0.694857121,,,
@H,0.694445729,,,
,0.694342673,,,
j,0.694316983,,,
`ٯ෽,0.694284916,,,
WS,0.693515062,,,
U,0.693251252,,,
hh,0.692906082,,,
A,0.692070663,,,
,0.691924453,,,
,0.69173944,,,
İ,0.691699803,,,
Ŷ,0.690140784,,,
,0.689687014,,,
c]p,0.689295352,,,
y,0.68928051,,,
p,0.688266635,,,
,0.687848926,,,
P,0.687820613,,,
],0.68763113,,,
zG,0.687426329,,,
y,0.687344074,,,
o,0.686963558,,,
w,0.686732411,,,
R,0.686692536,,,
ej,0.686676383,,,
F,0.686634779,,,
,0.68652755,,,
᯾,0.686483622,,,
I,0.686468124,,,
j,0.68629086,,,
OP,0.686221361,,,
,0.686059773,,,
V,0.686010957,,,
,0.68530488,,,
UQ,0.685276985,,,
t,0.685044408,,,
hˤ,0.684826016,,,
q,0.684590995,,,
Ns,0.684542298,,,
,0.684409142,,,
,0.684367657,,,
@[,0.684353828,,,
,0.684157312,,,
ުk,0.68413198,,,
l,0.683954716,,,
,0.683876514,,,
yu,0.683671713,,,
,0.683570504,,,
@i,0.683557332,,,
tf,0.683542788,,,
t,0.683277011,,,
~S,0.683059931,,,
~[]p,0.683032215,,,
Hʤ,0.682947636,,,
yu,0.682920694,,,
,0.682749391,,,
q,0.682616472,,,
entasis,0.682590127,,,
@,0.682585478,,,
i,0.682551444,,,
,0.682454407,,,
ؿv,0.682364106,,,
RQ,0.682330608,,,
Vh,0.681707859,,,
p,0.681599677,,,
u,0.681485176,,,
g,0.681402802,,,
,0.681218266,,,
~,0.680923462,,,
,0.680636823,,,
V,0.680381656,,,
Ks,0.680089116,,,
F,0.679876685,,,
i@,0.67966032,,,
Ǥ˹,0.679613233,,,
m},0.679562747,,,
,0.679479539,,,
KX,0.679477334,,,
HH,0.679373085,,,
,0.679352522,,,
,0.679286718,,,
Ju,0.67923665,,,
WY,0.679222465,,,
z,0.679148316,,,
Ӯ,0.679089785,,,
z,0.67875737,,,
Ϊ,0.678558111,,,
,0.678496659,,,
[,0.67840302,,,
u~,0.678265572,,,
ꫬ,0.678128719,,,
A,0.67792064,,,
b,0.677063704,,,
_,0.676935315,,,
a,0.676556945,,,
IV,0.67640245,,,
K,0.675742626,,,
Q,0.675594985,,,
u,0.675536156,,,
np,0.675377488,,,
n,0.675289869,,,
Mn,0.675263286,,,
C,0.674869955,,,
ż,0.674742937,,,
A,0.67452544,,,
,0.674295187,,,
,0.674186766,,,
GR,0.673731208,,,
P,0.67319864,,,
ɥNSx,0.673103094,,,
׽,0.672922492,,,
²,0.672799468,,,
,0.672722578,,,
,0.672613382,,,
,0.672554135,,,
u,0.672517896,,,
j,0.672221184,,,
,0.671806037,,,
p,0.671116829,,,
,0.67109704,,,
­,0.670865417,,,
,0.67065227,,,
y,0.670206428,,,
W,0.670199096,,,
Jp,0.670081496,,,
@Ω,0.669941545,,,
,0.669899583,,,
Ͽj,0.669819713,,,
W,0.66971457,,,
`@,0.669644177,,,
ί,0.669379592,,,
²,0.669119477,,,
,0.669100881,,,
Na,0.6687904,,,
Hu,0.668664575,,,
j,0.668338656,,,
,0.668320954,,,
M@,0.668245196,,,
,0.668233871,,,
w,0.668085814,,,
\],0.667825639,,,
jj,0.667821884,,,
~,0.66779995,,,
uI,0.66779089,,,
,0.667650819,,,
ȱi,0.667600691,,,
IR,0.66754818,,,
n,0.667379797,,,
h|,0.667073488,,,
Ǫd,0.667071402,,,
պ,0.667021751,,,
a,0.666851759,,,
,0.666664481,,,
u,0.66655004,,,
װ,0.666221559,,,
䦨,0.666190326,,,
,0.666091442,,,
z,0.665667832,,,
@,0.665666103,,,
ֲ,0.665545821,,,
,0.665516734,,,
y,0.665489256,,,
~,0.66518569,,,
K,0.665078759,,,
P,0.664954543,,,
,0.664940357,,,
ߤg,0.664821148,,,
,0.664793372,,,
up,0.664676249,,,
A,0.664411306,,,
T@,0.664291441,,,
h,0.663917899,,,
~,0.66347754,,,
ek,0.663163364,,,
űK,0.66311872,,,
í,0.663114071,,,
٤,0.663093448,,,
mg,0.663001597,,,
,0.662302971,,,
,0.662257254,,,
ۮ,0.662074506,,,
l,0.661986172,,,
Ѯt,0.661957443,,,
al,0.661854863,,,
,0.661850572,,,
t,0.661847472,,,
j,0.661636949,,,
A,0.661527991,,,
z,0.661212683,,,
W@,0.661147118,,,
i,0.661054611,,,
,0.66075778,,,
H,0.660639644,,,
ֺ,0.660547316,,,
M,0.660544515,,,
״Ihm,0.660421848,,,
ֺ,0.660289884,,,
N,0.660136223,,,
d,0.660026133,,,
,0.65995121,,,
篾,0.659867287,,,
,0.659492373,,,
,0.659394503,,,
Ǽ,0.659190118,,,
K,0.659083068,,,
MH,0.659038901,,,
,0.658941805,,,
me,0.658703268,,,
h,0.658637285,,,
,0.658449173,,,
,0.658421755,,,
GXz,0.658255994,,,
,0.65817374,,,
,0.657990336,,,
^,0.657904744,,,
Q,0.657770395,,,
H,0.65769875,,,
B,0.657568336,,,
Ͱ,0.657335281,,,
WK,0.657247603,,,
W,0.657108903,,,
h,0.657090366,,,
if,0.657037258,,,
٤O,0.65681994,,,
v,0.656816959,,,
C,0.656736255,,,
,0.656607926,,,
~,0.656497359,,,
,0.65643537,,,
,0.656221032,,,
\,0.655933559,,,
,0.655878425,,,
Z,0.655828238,,,
,0.655656099,,,
U,0.655651689,,,
M,0.655641496,,,
[u,0.65563643,,,
έ,0.655226111,,,
ϥ,0.655187964,,,
鸨,0.655000925,,,
yu,0.654505789,,,
q,0.654402614,,,
λ,0.653925657,,,
q,0.653860092,,,
gh,0.653804779,,,
qn,0.653758764,,,
j,0.653682351,,,
,0.653506458,,,
z,0.653384089,,,
ӹ,0.653260469,,,
²,0.653165638,,,
US,0.652892709,,,
gh,0.652870476,,,
۵Mq,0.65270555,,,
A,0.652619779,,,
q,0.652500033,,,
},0.652392626,,,
ѵ,0.652341962,,,
,0.652130961,,,
Mu,0.652127743,,,
²m,0.651747465,,,
Ť,0.651598334,,,
,0.651417792,,,
US,0.651377797,,,
,0.651349723,,,
,0.650946081,,,
ξA,0.650651217,,,
,0.65057987,,,
繢,0.6504125,,,
ɥNP,0.650240302,,,
,0.650195777,,,
׺,0.650189698,,,
WQ,0.650122404,,,
s,0.649973571,,,
p,0.649877131,,,
w,0.649792492,,,
,0.64970994,,,
Ө,0.649698973,,,
Y,0.649552822,,,
k,0.64933002,,,
s´,0.649272323,,,
jz,0.649267018,,,
`,0.649222851,,,
U,0.649165034,,,
¥զ,0.648819685,,,
ƶh,0.648742855,,,
mvR,0.648611188,,,
Ũ,0.648432255,,,
F,0.648363471,,,
H,0.64830482,,,
u,0.648237526,,,
@,0.648048282,,,
B,0.647949338,,,
,0.647850811,,,
ʱj,0.647815704,,,
Ѯt,0.647320449,,,
,0.64728421,,,
{,0.647209406,,,
Ψ,0.646971703,,,
bcW,0.646691084,,,
X,0.646689534,,,
s´,0.646671832,,,
CG,0.646629035,,,
q,0.646541953,,,
,0.646383524,,,
[,0.646343529,,,
@Gk,0.646291852,,,
,0.646059394,,,
m,0.64603138,,,
f[,0.645734608,,,
,0.645590544,,,
ÿ,0.64542383,,,
O@,0.645411968,,,
Wh,0.645243645,,,
I,0.645158648,,,
_,0.645081162,,,
T,0.64491415,,,
,0.64483285,,,
I,0.644599378,,,
,0.644479394,,,
,0.64432168,,,
ݦ,0.644309163,,,
Ms,0.644307256,,,
,0.644302964,,,
׿,0.644230902,,,
,0.837103665,,,
²,0.818148851,,,
,0.776829362,,,
,0.762846291,,,
u,0.759932756,,,
~,0.749595821,,,
I,0.743457139,,,
o,0.742545366,,,
Qi,0.739969373,,,
Ƴ,0.737632155,,,
魱,0.723876297,,,
,0.715889692,,,
`,0.714695215,,,
,0.710063815,,,
N,0.70665288,,,
,0.70584476,,,
ɻ,0.70333147,,,
y,0.701360762,,,
ݲ,0.695143878,,,
ξA,0.694141328,,,
R,0.693300784,,,
A,0.690482616,,,
,0.689941168,,,
¾,0.688061893,,,
I,0.687671483,,,
I,0.687654138,,,
,0.685457945,,,
o,0.682964563,,,
,0.681348681,,,
s,0.679680169,,,
ߦn,0.676941991,,,
,0.675509393,,,
,0.673436999,,,
RO,0.671320736,,,
嶮,0.669649601,,,
,0.667594433,,,
,0.66659832,,,
,0.664315104,,,
IH,0.661932886,,,
,0.661861837,,,
ۺ,0.659928679,,,
,0.658748329,,,
,0.657870293,,,
gN,0.657033741,,,
,0.655634761,,,
s_,0.655273318,,,
H,0.654065967,,,
{NP,0.653894961,,,
gH,0.65269047,,,
Zo,0.65257895,,,
׫~,0.651872337,,,
ɼ,0.651716471,,,
,0.651266098,,,
,0.651071668,,,
I,0.650787354,,,
|,0.650355041,,,
u,0.650192618,,,
,0.649011612,,,
ż,0.648222685,,,
|,0.647825599,,,
ͦR,0.647423148,,,
ӿ,0.647116184,,,
S,0.646947682,,,
IR,0.646565795,,,
륩,0.646559894,,,
WZU,0.64578855,,,
R,0.645542383,,,
eU,0.643940449,,,
v,0.643458366,,,
\],0.643458247,,,
I,0.642964482,,,
K,0.641133785,,,
H,0.641026855,,,
,0.639975786,,,
`I,0.639777541,,,
]ͬ,0.638914227,,,
ֽ,0.638715148,,,
ģ,0.637453139,,,
Fm,0.63646102,,,
R,0.636047423,,,
Ms,0.635962367,,,
,0.635222375,,,
تA,0.634936452,,,
,0.634278357,,,
,0.633217096,,,
,0.633104384,,,
Գ,0.632921636,,,
׫p,0.632764161,,,
L,0.632310867,,,
z,0.63222301,,,
,0.632071793,,,
Q,0.631746531,,,
I,0.631294727,,,
,0.630251169,,,
U,0.630175829,,,
H,0.629853666,,,
Bn,0.62985158,,,
,0.629789591,,,
֦h,0.629308403,,,
@P,0.629176319,,,
X,0.628832459,,,
x,0.628630042,,,
,0.628092051,,,
P,0.627246618,,,
H,0.626279593,,,
繢,0.625589013,,,
E,0.625203371,,,
Ig,0.624755681,,,
so,0.624531984,,,
,0.62438941,,,
,0.62408638,,,
[,0.623399734,,,
P,0.622962654,,,
H,0.622300029,,,
x,0.622081637,,,
LQ,0.621698618,,,
MW,0.621294439,,,
K,0.621024251,,,
Oo,0.620964766,,,
a,0.620880485,,,
K,0.620770991,,,
í,0.620533466,,,
Q,0.619714856,,,
@,0.619488597,,,
H,0.618518591,,,
ݤH,0.618216276,,,
qP,0.618148804,,,
x,0.617714584,,,
e,0.617429852,,,
ˤ,0.617283106,,,
qʩm,0.617116749,,,
,0.614941418,,,
p,0.614839196,,,
,0.614808679,,,
Ií,0.61470753,,,
xW,0.614376664,,,
r,0.614267945,,,
ҧ@,0.614247203,,,
R,0.614177227,,,
K,0.614018083,,,
ݫ,0.613693655,,,
u,0.613275588,,,
@p,0.613170624,,,
D,0.612575173,,,
C,0.612244308,,,
Y,0.612228692,,,
ʱ,0.611897171,,,
N,0.611692905,,,
^,0.611552358,,,
״Ihm,0.611495972,,,
{,0.610764205,,,
ѩ,0.610717118,,,
j,0.610261261,,,
,0.60953778,,,
L,0.609096587,,,
JԧJ,0.608728528,,,
,0.608452797,,,
@,0.608312845,,,
QHO,0.60827297,,,
NL,0.608052194,,,
P,0.608016789,,,
ɨ,0.607915163,,,
J,0.607765973,,,
`,0.606797636,,,
[,0.606792927,,,
Q,0.606378019,,,
ݦn,0.605595469,,,
^,0.605333626,,,
j,0.605195463,,,
R,0.605121851,,,
Yܪ,0.605037928,,,
ax,0.60471952,,,
걡,0.604588807,,,
Mħ,0.604476631,,,
í,0.603857577,,,
aH,0.603781939,,,
,0.603437543,,,
ͷN,0.602074146,,,
,0.601726472,,,
,0.601613343,,,
\,0.601350546,,,
,0.601243973,,,
XM,0.601135612,,,
L,0.60082227,,,
P,0.600776613,,,
,0.600644946,,,
P,0.600042701,,,
N,0.599281907,,,
,0.598785102,,,
P,0.598699033,,,
a,0.598591387,,,
廽,0.59829247,,,
ŶP,0.598060012,,,
k,0.597973883,,,
ɥN,0.597761393,,,
Y,0.597125828,,,
ι,0.596893072,,,
wr,0.596719384,,,
tW,0.596666455,,,
,0.596426964,,,
W@,0.596250713,,,
ئ,0.595394015,,,
R,0.595068216,,,
v,0.595005214,,,
i,0.594715595,,,
~,0.594533324,,,
Wy|,0.594016194,,,
a,0.593747973,,,
W,0.59359622,,,
SR,0.593537688,,,
ݥ,0.593425751,,,
Ie,0.593269467,,,
,0.593169391,,,
,0.592784047,,,
,0.592657208,,,
W,0.592610478,,,
@,0.592433691,,,
f[,0.591531634,,,
®,0.590976834,,,
o,0.590798616,,,
Ө,0.590772271,,,
@Y,0.590718567,,,
͵,0.590602398,,,
񿺤,0.590544701,,,
,0.590331674,,,
,0.590317786,,,
,0.590229511,,,
Ͱ,0.589811802,,,
B,0.589582622,,,
Lͮ,0.589490891,,,
~,0.589038014,,,
,0.58894372,,,
mg,0.588764369,,,
פ,0.58871758,,,
ɱ,0.588571489,,,
Q嶮,0.588550568,,,
v,0.588389993,,,
Z,0.588359237,,,
,0.588021159,,,
,0.587775469,,,
,0.587762654,,,
,0.587705553,,,
,0.58758229,,,
F,0.587373018,,,
n,0.587313831,,,
O,0.587293923,,,
c,0.587275922,,,
إ,0.587266803,,,
HH,0.587202191,,,
Ӥ,0.587192655,,,
S,0.586526513,,,
,0.586323798,,,
رi,0.586295068,,,
R|,0.586256504,,,
ɦ,0.58623302,,,
],0.586133301,,,
ƶh,0.586109698,,,
ӽo,0.586016953,,,
Hʤ,0.585525274,,,
N,0.585374475,,,
,0.585294068,,,
¿p,0.584631324,,,
a,0.584295869,,,
ݦ,0.584240198,,,
§,0.584156096,,,
,0.58400476,,,
ư,0.583856463,,,
Q,0.583724201,,,
h~h,0.583663344,,,
j,0.583452106,,,
nڤl,0.58318615,,,
к],0.583099425,,,
s,0.58304882,,,
,0.58265692,,,
t,0.582650781,,,
֩,0.58252418,,,
b,0.582257867,,,
BI,0.582254708,,,
,0.581784666,,,
,0.581730902,,,
,0.581684113,,,
a,0.581647217,,,
d,0.581323385,,,
Gu,0.581259012,,,
ڴKHD,0.581092834,,,
׬O,0.5809623,,,
p,0.580938578,,,
m,0.580795705,,,
²,0.5807302,,,
Nm,0.58059293,,,
h,0.580575228,,,
H,0.580555916,,,
u,0.580316901,,,
`,0.580313206,,,
A,0.580280304,,,
bͬW,0.580247462,,,
_S,0.580150187,,,
椣J,0.580114841,,,
Ig,0.580056012,,,
׽,0.579779029,,,
׺,0.579735041,,,
r},0.579504251,,,
WPӫ~,0.579452753,,,
Ƭ,0.579353511,,,
ͬΫ~,0.579340219,,,
,0.579335988,,,
T,0.579220474,,,
,0.579152822,,,
g,0.578972459,,,
A,0.578964591,,,
oz,0.578681946,,,
n_,0.578320026,,,
˧,0.578078747,,,
ORK,0.577946842,,,
FxQ,0.577442706,,,
},0.57723701,,,
R,0.577236652,,,
ۻ,0.577098072,,,
ͬA,0.577018023,,,
wí,0.576968908,,,
Kk,0.576880753,,,
j,0.576228976,,,
U,0.576181173,,,
ӱK,0.576141238,,,
Rn,0.576132774,,,
l,0.576096058,,,
Ť庸,0.57601434,,,
j,0.575959086,,,
\,0.575892925,,,
h,0.575886846,,,
v,0.575820565,,,
R,0.575662315,,,
,0.575554013,,,
@e,0.575197458,,,
e,0.574924946,,,
e,0.574826062,,,
},0.574597478,,,
I,0.574364662,,,
,0.574262381,,,
,0.574173152,,,
`,0.574116588,,,
vR,0.574107885,,,
ͩ,0.573993266,,,
yN,0.573901653,,,
ߧQO,0.573897958,,,
,0.573651433,,,
Iĩ,0.573399365,,,
q,0.573023021,,,
R,0.572686017,,,
T,0.572644711,,,
p`,0.57257849,,,
ͬ,0.572356462,,,
UU,0.572345257,,,
ż,0.571735442,,,
ʤH,0.571688056,,,
We,0.571415007,,,
,0.571400166,,,
a,0.571334481,,,
gH,0.571095765,,,
׮O,0.571053147,,,
W,0.570794106,,,
,0.570386291,,,
],0.570349872,,,
ll§,0.569986165,,,
,0.569903612,,,
H,0.569629371,,,
,0.569625616,,,
,0.569389939,,,
,0.569376886,,,
I,0.569311738,,,
,0.569063425,,,
@,0.568938792,,,
n,0.568528235,,,
۫H,0.568501353,,,
`,0.568321347,,,
\,0.568303049,,,
A,0.568186879,,,
p,0.568017244,,,
Nz,0.568001986,,,
pax,0.567872405,,,
n,0.567864537,,,
,0.567862272,,,
Y,0.567634284,,,
;,0.567532718,,,
خ,0.5674752,,,
AU,0.567040801,,,
[,0.566960812,,,
Sp,0.566911161,,,
Q,0.566896319,,,
ɬO,0.566862941,,,
A,0.566836238,,,
|,0.566615939,,,
O,0.566589117,,,
mAv,0.56651479,,,
,0.566442966,,,
,0.566375196,,,
u,0.566125333,,,
H,0.566111982,,,
@{,0.566070855,,,
,0.566007853,,,
V,0.565996885,,,
A,0.565927267,,,
Y,0.565784693,,,
ŹF,0.565609336,,,
e,0.565599084,,,
~,0.565400243,,,
,0.565339565,,,
Mn,0.565328002,,,
߫,0.565303683,,,
R_,0.56528765,,,
ͬ,0.565115869,,,
a,0.565064847,,,
訥,0.56486243,,,
פ,0.564815283,,,
ڦ,0.564715922,,,
G,0.564674735,,,
پx,0.564629376,,,
t,0.564364791,,,
m,0.564337194,,,
G,0.564307928,,,
A,0.56426692,,,
a,0.564173996,,,
ڦگ,0.564077258,,,
LL,0.564024031,,,
lޤO,0.563878775,,,
쥰,0.563816607,,,
Ũ,0.563745737,,,
@,0.563628197,,,
C,0.563587189,,,
,0.563558578,,,
,0.563509405,,,
oX,0.5634287,,,
,0.563420534,,,
,0.563378453,,,
H,0.563097596,,,
,0.563012123,,,
Y,0.562730193,,,
pۦb,0.562727094,,,
Ʒ~,0.562726617,,,
,0.562678874,,,
K,0.562642038,,,
PVO,0.562546194,,,
IR,0.562480211,,,
r,0.562478662,,,
ͷNH,0.562340677,,,
ıi,0.562035739,,,
X,0.561913848,,,
T,0.561453462,,,
H,0.561411798,,,
J,0.561198711,,,
hhm,0.561142266,,,
ۻ,0.560883284,,,
A,0.560857534,,,
ɪ`,0.560788512,,,
dѼH,0.560777664,,,
Ŷ,0.560699463,,,
߯,0.560455203,,,
筹,0.560388982,,,
iH,0.56036824,,,
㻮,0.560256898,,,
,0.560253382,,,
dP,0.560217857,,,
짻,0.560203195,,,
~,0.559965789,,,
,0.559933424,,,
R,0.55977869,,,
Ǥ˹,0.559764922,,,
H,0.55966121,,,
wh,0.559660316,,,
m䤤,0.559517741,,,
,0.559342027,,,
,0.55927074,,,
n,0.559141755,,,
pD,0.559128404,,,
X,0.559031665,,,
C,0.558836281,,,
D,0.558785081,,,
ySX,0.558724284,,,
aA,0.558689296,,,
,0.558680058,,,
aI,0.55866158,,,
֩UH,0.558523178,,,
,0.558425248,,,
ݨ,0.558395982,,,
Ӯ,0.558381438,,,
eW,0.558379233,,,
²,0.558335781,,,
leضQ,0.558335423,,,
_j,0.558311939,,,
,0.557940125,,,
Xz,0.557933569,,,
MR,0.557412624,,,
|,0.55729866,,,
˹~,0.557174325,,,
y,0.557105005,,,
q,0.557056427,,,
,0.557027102,,,
Q,0.556951284,,,
,0.5568645,,,
ַN,0.556831837,,,
,0.880619645,,,
,0.874275684,,,
q,0.873067915,,,
np,0.866090775,,,
­,0.856652617,,,
@Ω,0.853658378,,,
Ky,0.846946359,,,
Q,0.845483959,,,
,0.843467593,,,
@i,0.836160064,,,
,0.832432508,,,
j,0.828909159,,,
CG,0.826423883,,,
ÿ,0.82438159,,,
@[,0.823356092,,,
,0.823215008,,,
,0.822625518,,,
j,0.82222712,,,
ֺ,0.821537912,,,
[,0.817429662,,,
h,0.817371428,,,
k,0.813849688,,,
T@,0.813218474,,,
ֺ,0.81265378,,,
C,0.812466025,,,
~,0.809459329,,,
@,0.809243321,,,
ή,0.808172405,,,
ߥ,0.807314873,,,
TX,0.80721873,,,
q,0.80603683,,,
z,0.804368496,,,
,0.803075314,,,
Ts,0.802121162,,,
׿,0.798227429,,,
,0.797164381,,,
,0.796185195,,,
u,0.794875503,,,
d,0.791742206,,,
c,0.790720224,,,
q,0.790436506,,,
aK,0.790412009,,,
n,0.789066255,,,
O,0.788045883,,,
Ͳ,0.787269831,,,
M,0.784184813,,,
@Gk,0.784112394,,,
W,0.784107566,,,
uI,0.782334387,,,
,0.780276656,,,
,0.780059099,,,
ƦX,0.780057788,,,
s,0.779726207,,,
Ω,0.779131055,,,
Dnγ~,0.778555214,,,
P,0.778244257,,,
O,0.776221693,,,
w,0.776147664,,,
p,0.77595675,,,
@,0.775839448,,,
w,0.774926901,,,
w,0.77208966,,,
O,0.771370173,,,
,0.771002889,,,
,0.770296335,,,
~,0.77014333,,,
,0.769573092,,,
Ĳv,0.769151986,,,
A,0.768481851,,,
٪o,0.767835498,,,
,0.767783463,,,
,0.767281055,,,
,0.766085505,,,
åO,0.765571833,,,
i,0.765309393,,,
@Ϋ,0.764470816,,,
n,0.764060974,,,
ؽX,0.764058352,,,
,0.763325989,,,
,0.76300019,,,
,0.762930632,,,
Q,0.762902796,,,
,0.762339413,,,
a,0.762106657,,,
Ҩ,0.761470675,,,
t,0.761160314,,,
X,0.760074019,,,
s,0.759893537,,,
s~,0.759738803,,,
i,0.759441853,,,
qΩ,0.758831143,,,
tק,0.758792698,,,
q,0.757863164,,,
콦,0.757287085,,,
c]p,0.757090271,,,
u,0.756218433,,,
p,0.755128026,,,
ƪo,0.754767299,,,
ϥ,0.75464654,,,
C,0.753937364,,,
,0.753447771,,,
X,0.75332129,,,
ξA,0.752962887,,,
u,0.752539039,,,
b,0.752529919,,,
ۯ,0.752282143,,,
Ow,0.752159476,,,
w,0.752069354,,,
_,0.75204885,,,
K,0.751980126,,,
Bʩ,0.751880348,,,
o,0.751844525,,,
,0.751436234,,,
,0.751256704,,,
Ĳv,0.751182795,,,
j,0.750814795,,,
űK,0.750796616,,,
k,0.750706017,,,
yO,0.750147641,,,
t,0.750047863,,,
Ks,0.749866188,,,
ޱ,0.74977684,,,
~,0.749312043,,,
,0.749097228,,,
i,0.749049187,,,
,0.749037683,,,
H,0.748737574,,,
װ,0.74872458,,,
[,0.747040033,,,
XO,0.745859027,,,
u,0.745770514,,,
,0.745480299,,,
s,0.745424628,,,
٤O,0.745408177,,,
,0.745363116,,,
Ѧ,0.744964719,,,
Q,0.744684041,,,
,0.744531989,,,
\,0.744222999,,,
굩,0.743918121,,,
@k,0.74343735,,,
],0.74339956,,,
Kϥ,0.742970407,,,
,0.742844462,,,
p,0.742825449,,,
@,0.742175639,,,
ӹq,0.742021799,,,
,0.742002249,,,
Χ,0.741769612,,,
`O,0.741605341,,,
@,0.741434813,,,
,0.741194844,,,
,0.741115034,,,
,0.740987122,,,
CG,0.740539789,,,
iP|,0.740360737,,,
p,0.740277052,,,
ƾ,0.740251899,,,
²K,0.739932775,,,
ĲP,0.739756942,,,
D`AX,0.739538848,,,
p,0.739482999,,,
h,0.739305615,,,
ড,0.738663912,,,
Ͳu,0.738340914,,,
O,0.738283217,,,
P,0.737636387,,,
ʦH,0.737591803,,,
,0.737251997,,,
[,0.737010062,,,
O,0.736394525,,,
jjC,0.735419095,,,
j,0.735367358,,,
u,0.734778047,,,
,0.734680772,,,
`ٯ෽,0.734387755,,,
b,0.734223485,,,
gX,0.734097958,,,
uI,0.733861506,,,
O,0.733798385,,,
Ž,0.73338753,,,
u,0.733218551,,,
,0.733098269,,,
Tw,0.732973039,,,
wia,0.732796907,,,
jeq,0.732756078,,,
,0.732278168,,,
տKO,0.732244432,,,
yu,0.732199192,,,
pvc,0.731822848,,,
O,0.731360614,,,
z,0.7313236,,,
ݻs,0.730778933,,,
t,0.730503559,,,
q,0.730455458,,,
@Gk,0.730405688,,,
ѵM,0.73036778,,,
,0.730101824,,,
ql,0.729966819,,,
,0.729620874,,,
,0.72961843,,,
yu,0.72958374,,,
z,0.729490757,,,
C,0.729485989,,,
EAm,0.72939086,,,
,0.729374707,,,
ٹq,0.729022264,,,
Bz,0.728576481,,,
j,0.72840786,,,
ű,0.728382587,,,
,0.728369653,,,
,0.728232265,,,
A,0.72811234,,,
Lo,0.727464974,,,
p,0.727085829,,,
i,0.726731539,,,
ϥιةR,0.72666955,,,
X,0.726592958,,,
ws,0.726311803,,,
F,0.726089358,,,
ὤ,0.726088822,,,
Ũ,0.725936711,,,
,0.72581625,,,
,0.725665569,,,
Ox,0.72565186,,,
},0.724939883,,,
ɹq,0.72447145,,,
K,0.724427581,,,
o,0.72441268,,,
N~,0.723885775,,,
,0.723585129,,,
g٩,0.723572254,,,
n,0.723331749,,,
,0.723330081,,,
ʾ,0.723291039,,,
cT,0.723118901,,,
Ŷ,0.72306776,,,
,0.722795486,,,
a,0.722689152,,,
,0.722542524,,,
˰t,0.722363293,,,
jj,0.722161829,,,
ֱa,0.721840024,,,
ަ,0.721804261,,,
ܼ,0.721715212,,,
eO,0.721700907,,,
T,0.721601069,,,
b,0.721567512,,,
X,0.721422493,,,
s,0.721332908,,,
@O,0.721282899,,,
,0.720994711,,,
ia,0.720493555,,,
֭,0.720343351,,,
o,0.719976187,,,
yu,0.719568014,,,
[,0.719500065,,,
,0.719461679,,,
@k,0.719417989,,,
K,0.719352067,,,
Ky,0.719248414,,,
Ӫo,0.719228685,,,
~[]p,0.71886909,,,
],0.718818009,,,
@P,0.718746841,,,
F,0.718620658,,,
[p,0.71859014,,,
c,0.718587995,,,
L,0.718340993,,,
ʯ,0.718317449,,,
EAm,0.718202233,,,
ȱi,0.718056202,,,
,0.7180475,,,
@i,0.717872858,,,
~,0.717815161,,,
J,0.717412055,,,
yC,0.71733427,,,
EX,0.717257261,,,
ξA,0.716146708,,,
Hu,0.71608454,,,
Eһ,0.715843379,,,
X,0.715391874,,,
ϩ,0.715359569,,,
ӹqq,0.715095937,,,
װ,0.7150383,,,
,0.714920044,,,
,0.714836359,,,
o,0.714683294,,,
M,0.714593291,,,
,0.714587212,,,
۾,0.714550734,,,
i@,0.714491367,,,
O,0.71445787,,,
j,0.714329958,,,
ȪO,0.714249909,,,
yu,0.713932037,,,
@j,0.713437438,,,
,0.713292837,,,
L,0.713228941,,,
fP,0.712856412,,,
i,0.712661982,,,
,0.712596655,,,
lо,0.712594092,,,
@ƾ,0.71235764,,,
,0.712243676,,,
Yq,0.71215415,,,
,0.711933136,,,
륩,0.711911023,,,
A,0.711826682,,,
«,0.711307168,,,
,0.711243272,,,
,0.710981607,,,
I,0.710976303,,,
M,0.710848808,,,
٤,0.710725427,,,
,0.71055454,,,
s,0.710426569,,,
y,0.710352063,,,
CB,0.710281014,,,
bz,0.710231423,,,
u®,0.710215986,,,
B,0.710197091,,,
b,0.709775686,,,
íw,0.709621608,,,
gv,0.709413886,,,
伵[,0.709294796,,,
zO,0.709172904,,,
ž,0.709137261,,,
ةRu,0.708918929,,,
u,0.708771348,,,
Z,0.708566308,,,
n,0.708405614,,,
,0.707782745,,,
ӯ,0.707774878,,,
˹,0.707701802,,,
,0.707665145,,,
ɸ,0.707573175,,,
,0.70754528,,,
,0.707484126,,,
,0.707360804,,,
ҿ,0.707318902,,,
,0.707193136,,,
W,0.707134783,,,
ܿi,0.706754923,,,
,0.70643127,,,
ؿv,0.706401348,,,
u,0.706125259,,,
Vh,0.705823481,,,
t,0.705768824,,,
E,0.705757916,,,
@,0.705561101,,,
ƨϥ,0.705509245,,,
,0.705438375,,,
˹O,0.705394685,,,
qls,0.705219448,,,
,0.705150664,,,
,0.705055833,,,
,0.704943299,,,
ww,0.704900086,,,
Y,0.704841793,,,
QL,0.704759359,,,
,0.704623938,,,
,0.704564869,,,
uk,0.704523683,,,
Gk,0.704505563,,,
K,0.704401731,,,
T,0.70437324,,,
,0.70433265,,,
U,0.704191446,,,
,0.704190314,,,
,0.704168856,,,
X,0.703934014,,,
b,0.703800917,,,
Y,0.703678966,,,
T,0.703548849,,,
Em,0.703414142,,,
,0.703371763,,,
¦,0.703266978,,,
p,0.703204751,,,
Xֺ,0.702847481,,,
ܽ,0.702681899,,,
,0.702678204,,,
,0.702589393,,,
,0.702479243,,,
n,0.702158213,,,
ta,0.702077389,,,
O,0.701990128,,,
K,0.70189476,,,
,0.701549053,,,
Nᾯ,0.701468647,,,
M,0.70142293,,,
\,0.701360703,,,
I,0.701302588,,,
c,0.701298237,,,
@n,0.701050282,,,
O,0.701019883,,,
Xn,0.700916708,,,
Ҽu,0.700874448,,,
[u,0.700652122,,,
_l,0.700340629,,,
,0.700248659,,,
~,0.700200617,,,
s~,0.700163245,,,
if,0.69999826,,,
,0.699927807,,,
R,0.699915767,,,
l,0.699729323,,,
u_,0.699514925,,,
,0.699442685,,,
,0.699417472,,,
ؤo,0.699404299,,,
l,0.699393272,,,
Ͳy{,0.699228525,,,
ߵ,0.699094892,,,
W,0.699072719,,,
ί,0.698985815,,,
²,0.698917925,,,
,0.698848486,,,
q,0.698716104,,,
_,0.698614955,,,
զX,0.698613167,,,
Q,0.698502898,,,
ߦX,0.698334455,,,
M,0.698325157,,,
N,0.698206007,,,
ʲ,0.69820106,,,
o,0.698177278,,,
s,0.698015571,,,
,0.697633862,,,
Bq,0.697532833,,,
,0.697380543,,,
洫,0.697347283,,,
L,0.697169304,,,
ޥ,0.69715625,,,
q,0.697147489,,,
ŵ,0.697040498,,,
OA,0.696978331,,,
jf,0.696919918,,,
Wni,0.696802378,,,
,0.69680059,,,
үǦ̺,0.696754813,,,
YŮ,0.696301579,,,
˷Ǩ,0.696089685,,,
K,0.696070671,,,
,0.69587779,,,
ΰ,0.695812285,,,
ĵ,0.695795953,,,
qO,0.695693672,,,
[,0.695673048,,,
,0.695629537,,,
u@O,0.695537686,,,
B,0.695442796,,,
̿,0.695361137,,,
o,0.695242643,,,
,0.695137024,,,
ȭI,0.695111871,,,
O,0.694904089,,,
e,0.694709659,,,
Ʈ,0.694592595,,,
ɼ,0.694521785,,,
O,0.694489479,,,
,0.694402337,,,
uź,0.694394827,,,
,0.694347858,,,
u,0.694286227,,,
u~,0.694254279,,,
,0.694181502,,,
Ӫoq,0.693963289,,,
,0.693883777,,,
k,0.693800569,,,
Ư,0.693703771,,,
E,0.693699002,,,
WY,0.693640709,,,
uY,0.693640172,,,
ֺ,0.693557382,,,
@,0.693347931,,,
ӽo,0.693301022,,,
,0.693226933,,,
[t,0.693203211,,,
u,0.692982733,,,
[,0.69281137,,,
j,0.692780852,,,
,0.692732275,,,
@,0.692673922,,,
,0.69260174,,,
C,0.692514062,,,
ةR,0.692339063,,,
ūױ,0.692322373,,,
O@h,0.691928267,,,
R,0.691850781,,,
C,0.691424012,,,
t׺C,0.691423178,,,
n,0.691412508,,,
@馡,0.691302776,,,
il,0.690875292,,,
Js,0.690857112,,,
Ө,0.690613508,,,
ߩ,0.690395474,,,
R,0.690284967,,,
j,0.690282702,,,
~,0.846003771,,,
K{,0.841295719,,,
R,0.834495068,,,
Y,0.82343483,,,
|,0.821847677,,,
b,0.818742156,,,
Ҩ,0.817857027,,,
ĸ겣,0.813147306,,,
,0.813034713,,,
,0.812370956,,,
U,0.810005546,,,
覡,0.807187021,,,
,0.804653585,,,
^,0.799362242,,,
sf,0.79658407,,,
|,0.789709687,,,
{y,0.7892102,,,
jB,0.786608577,,,
ɴڤH,0.785354078,,,
,0.784240782,,,
s,0.780577898,,,
wI,0.780344129,,,
ɤ,0.778978288,,,
Wȵ|,0.777370572,,,
a,0.776872575,,,
Ъ,0.776202798,,,
Ҧ,0.775186241,,,
A,0.774727464,,,
{f,0.774724782,,,
ʲ,0.774261236,,,
t,0.772806406,,,
~,0.771882176,,,
v,0.770486712,,,
קI,0.769340515,,,
,0.767764628,,,
Ҩ,0.766933024,,,
~,0.76625669,,,
ws,0.766186953,,,
HέI,0.765989721,,,
ѧQ,0.765830159,,,
q,0.765513778,,,
ӫ~,0.76548034,,,
Ȧs,0.765323579,,,
,0.764648616,,,
,0.764507473,,,
,0.762896895,,,
u,0.762307405,,,
Q,0.762206435,,,
ͬݫ~,0.761985421,,,
Qo|,0.761808038,,,
ѪFvq,0.761564851,,,
},0.761135817,,,
R,0.760870457,,,
|B,0.760115385,,,
f,0.759556651,,,
OH,0.758877218,,,
if,0.758809805,,,
{޲z,0.757441282,,,
uP,0.757089853,,,
|t,0.756543994,,,
Mεo,0.756543994,,,
QJ,0.756510854,,,
|,0.755832851,,,
Kx,0.755638003,,,
H,0.755246878,,,
Ls,0.755150259,,,
,0.754432559,,,
,0.754228592,,,
Ҽx,0.754126549,,,
|O,0.753643274,,,
gst,0.753576517,,,
|,0.752844453,,,
ꥻ,0.752491295,,,
i,0.751628518,,,
fyq,0.751315355,,,
L|,0.750622571,,,
?,0.750609994,,,
]OI,0.750165939,,,
~ץ,0.749809861,,,
,0.749591231,,,
Ʃ,0.749357879,,,
ȦU,0.748945117,,,
ײ,0.748805583,,,
LI,0.748232722,,,
O,0.748227477,,,
٥I,0.748035252,,,
sڤH,0.747550011,,,
OI,0.747254968,,,
,0.746857166,,,
ws,0.745479226,,,
覩,0.744881332,,,
yʸ겣,0.744824171,,,
f|,0.744799197,,,
bB,0.744793653,,,
h|,0.744252443,,,
x,0.744144976,,,
wqf,0.74350071,,,
ǳƪ,0.74326551,,,
ڦ,0.742984533,,,
u,0.742324233,,,
f,0.742146373,,,
Ĥu,0.741571844,,,
Lθ겣,0.741122365,,,
Y,0.741104007,,,
ǳƪv,0.740790129,,,
|,0.740762353,,,
ꦬ,0.740638018,,,
t,0.740421474,,,
pB,0.740236402,,,
ifӫ~,0.739732921,,,
xW,0.739664972,,,
,0.739551961,,,
,0.73942095,,,
޲zO,0.739157081,,,
O,0.738737583,,,
OIH,0.738506436,,,
,0.738367558,,,
,0.738245845,,,
ꦬq,0.738014877,,,
Ĩ,0.737996399,,,
,0.73772794,,,
sX,0.737716794,,,
ǵ|B,0.736929655,,,
,0.736660063,,,
,0.736060262,,,
xv,0.735915422,,,
,0.735842943,,,
MQ,0.735645533,,,
Ѯ,0.735364377,,,
sP,0.73527813,,,
,0.735176921,,,
U,0.734007955,,,
ĹQ,0.733931243,,,
vI,0.733899057,,,
OIXP,0.733601809,,,
ŰȤH,0.733284235,,,
ЫζU,0.733213902,,,
ʻ,0.733064175,,,
F,0.732830524,,,
¶O,0.732265115,,,
³,0.732164264,,,
p,0.731549382,,,
ѫ,0.731343508,,,
M,0.73125124,,,
{,0.73091954,,,
|,0.730303466,,,
,0.730080605,,,
~,0.730060458,,,
OIO,0.729894996,,,
yqq,0.729827166,,,
|,0.729299247,,,
]˧,0.72876358,,,
|,0.728631496,,,
if~,0.728528976,,,
q,0.728353024,,,
yʸ,0.728201151,,,
,0.727874637,,,
Mv,0.727813125,,,
cmbs,0.727246046,,,
if|,0.726953685,,,
yn~_,0.726942837,,,
,0.726362169,,,
w,0.726327777,,,
s~,0.726319194,,,
,0.726277709,,,
O,0.726204515,,,
ʶR,0.725794196,,,
ga|,0.725789607,,,
,0.725425601,,,
,0.725019455,,,
v,0.72476697,,,
v,0.724602103,,,
ӫ~,0.72421515,,,
ѵq,0.724018574,,,
ӵ|,0.723770857,,,
fI,0.723662496,,,
Q,0.723201275,,,
v,0.722729564,,,
R,0.722654879,,,
Ũ,0.721705019,,,
D,0.72163558,,,
ϥε|,0.721482754,,,
W,0.721282542,,,
ӧI,0.721280098,,,
ӤHΫ~,0.721245766,,,
,0.720854282,,,
QƷ~,0.720808387,,,
]P,0.720732331,,,
ʦ,0.720723987,,,
ҵ|,0.720515728,,,
[u,0.720423222,,,
|,0.720338941,,,
Aĸ,0.720284998,,,
,0.719610453,,,
,0.719133437,,,
UڤH,0.719025135,,,
,0.719006538,,,
,0.718902826,,,
f,0.71873945,,,
i,0.718407273,,,
p~,0.718225539,,,
ķ~,0.718203962,,,
,0.718049467,,,
,0.717883348,,,
K,0.717775583,,,
,0.717633367,,,
ݶ^,0.717596829,,,
K,0.717531025,,,
O~,0.717480004,,,
t,0.717222571,,,
f,0.71670723,,,
n,0.716076672,,,
bQ,0.716029465,,,
,0.715999722,,,
s,0.715889096,,,
,0.71581924,,,
CU,0.715363324,,,
~ץ,0.715238094,,,
귽|,0.715062916,,,
C,0.715043128,,,
ӧIײ,0.714789808,,,
PfJ,0.714629889,,,
H´s,0.71452266,,,
~,0.714187026,,,
ӾP,0.714114547,,,
qv,0.713669181,,,
,0.713446736,,,
aҦ,0.713327169,,,
DȦ,0.712999582,,,
,0.712684751,,,
J,0.712616146,,,
II,0.712602377,,,
Q,0.712258279,,,
ߥI,0.711939216,,,
Tw,0.711737037,,,
,0.711705267,,,
p,0.710926652,,,
cdo,0.710818231,,,
㪫,0.710724235,,,
㵧,0.710716367,,,
ɰOd,0.710646808,,,
W[J,0.710509658,,,
h,0.71038723,,,
,0.71033138,,,
O|ܮw,0.710035384,,,
,0.709997892,,,
{v,0.70992589,,,
OIB,0.709845245,,,
jI,0.709763885,,,
QX,0.709551454,,,
I,0.709404469,,,
~q,0.709268391,,,
Ri,0.709084272,,,
Ϋ~,0.708400965,,,
^,0.708299935,,,
a|,0.707955182,,,
f,0.707848907,,,
xWs,0.707777143,,,
|,0.707767248,,,
YI,0.707614183,,,
|F,0.707517028,,,
w,0.707431316,,,
,0.707384825,,,
ú,0.707179785,,,
z]~,0.70717299,,,
ұo|v,0.707098961,,,
i|B,0.707092404,,,
otc,0.706895947,,,
M,0.706441939,,,
a|,0.706423402,,,
dBQ,0.706222534,,,
a|,0.706141233,,,
|,0.706086636,,,
a,0.706002831,,,
qӫ~,0.705965042,,,
deposit,0.705736279,,,
}x,0.705574811,,,
,0.705127597,,,
欰|,0.705118001,,,
ε|,0.705099463,,,
I,0.705009878,,,
R,0.704948545,,,
ӫ~,0.704942167,,,
ƦʸU,0.704938114,,,
ɶU,0.704734683,,,
ĳ,0.704686403,,,
bJ,0.704657316,,,
t,0.704556704,,,
Ű,0.704517603,,,
,0.704319239,,,
fq,0.704267859,,,
bv,0.704205275,,,
vQ,0.703792334,,,
CG,0.703630567,,,
,0.703589916,,,
O,0.703340828,,,
U,0.703189373,,,
|,0.70294553,,,
HOI,0.702720642,,,
жU,0.702688575,,,
,0.702650309,,,
f,0.702421367,,,
,0.701985359,,,
ga,0.701927662,,,
N,0.701924801,,,
ݵo,0.701903462,,,
TwJ,0.701534748,,,
,0.701148689,,,
b,0.701114416,,,
qȤH,0.701081157,,,
LO,0.701048076,,,
v,0.701016545,,,
}겣,0.700344086,,,
Zu,0.700090289,,,
ػP|,0.699831724,,,
,0.699735284,,,
Q,0.699646056,,,
|,0.699533582,,,
ӫ~yq,0.699518919,,,
Dyq,0.699494779,,,
O|,0.699362218,,,
W,0.699172258,,,
,0.699131548,,,
~kH,0.699118495,,,
Q,0.69893229,,,
浧,0.698898971,,,
ӥ,0.698789358,,,
,0.698760867,,,
C,0.698642552,,,
,0.698472023,,,
ӤHұo|,0.698443294,,,
Qv,0.698391497,,,
S\O,0.698301911,,,
~|,0.698291659,,,
CS,0.698240995,,,
Twײv,0.698227465,,,
~,0.698226929,,,
ɧQ,0.698188186,,,
qܶO,0.698045969,,,
~x,0.697868466,,,
t,0.697594166,,,
O,0.697579145,,,
`٦,0.69714731,,,
@Ϋ~,0.69701308,,,
,0.696877301,,,
I,0.696866989,,,
Ͳ,0.696726322,,,
|,0.696717262,,,
dOI,0.696691692,,,
N,0.696591973,,,
t,0.696584702,,,
l,0.696372271,,,
Q,0.696285009,,,
Qv,0.696046829,,,
{C,0.696023881,,,
sJ,0.695973814,,,
,0.695810676,,,
f~,0.695747018,,,
,0.695683122,,,
Q,0.695587397,,,
x,0.695010424,,,
{,0.694495738,,,
DB,0.69441092,,,
q,0.69433856,,,
N,0.694164991,,,
dH,0.694157064,,,
qQ,0.694099665,,,
Ob,0.6939013,,,
D֤,0.69364357,,,
{f,0.693532228,,,
yq,0.693332851,,,
DwI,0.693301439,,,
xư,0.693033576,,,
OҪ,0.692916632,,,
reit,0.692885637,,,
򦬤J,0.692840219,,,
qŨ,0.692735195,,,
,0.692233264,,,
վl,0.692210615,,,
,0.692199051,,,
,0.692173421,,,
ʩ,0.691990018,,,
ӫ~Ͳ,0.691930652,,,
I,0.69178015,,,
B,0.691728473,,,
Ŵ,0.691546917,,,
s,0.691514075,,,
q~,0.691383243,,,
lq,0.69123733,,,
ݪ,0.691079259,,,
debit,0.690951824,,,
ӵ,0.690735996,,,
l,0.690627337,,,
yʩ,0.690579653,,,
AȶO,0.690305591,,,
t|,0.690252542,,,
t귽,0.690217435,,,
,0.690181077,,,
lͫ~,0.689966083,,,
of,0.689928174,,,
л,0.689882517,,,
}񥫳,0.689778686,,,
Csq,0.689670801,,,
ұo|,0.689546347,,,
ɭ,0.689481795,,,
Pf,0.689302444,,,
g,0.689098477,,,
׶,0.688972354,,,
Uz,0.688953757,,,
l,0.688836575,,,
U,0.688829839,,,
@O,0.688379824,,,
Ъ,0.68828994,,,
commodity,0.688185751,,,
xQ,0.688168168,,,
,0.688106716,,,
콦s~,0.688097537,,,
_,0.687954426,,,
P|B,0.687750459,,,
ҶO,0.687642574,,,
,0.687545538,,,
ab,0.687366307,,,
fF,0.687356472,,,
Ͳ,0.687318146,,,
A,0.687240124,,,
,0.68716085,,,
~ˤ,0.686967254,,,
b,0.686861575,,,
Ѵ,0.686829567,,,
CB,0.686815917,,,
U,0.686790705,,,
{v,0.685777724,,,
C,0.685777426,,,
{r,0.685685575,,,
ws,0.685591698,,,
,0.685573518,,,
ú,0.685545325,,,
I,0.685537636,,,
򲣵|,0.68544507,,,
`Ϋ~,0.685392618,,,
},0.68521595,,,
@,0.685169458,,,
a,0.684833407,,,
],0.684800327,,,
Ĳv,0.684786677,,,
|e,0.68472302,,,
ξP,0.684654951,,,
,0.684620023,,,
θ겣,0.684618831,,,
TdU,0.684566557,,,
dU,0.684462488,,,
ݺ,0.684308469,,,
~,0.683983922,,,
,0.68386662,,,
q,0.683676064,,,
ʻ,0.68358779,,,
Y,0.683558702,,,
Q,0.683424413,,,
K,0.683278322,,,
׶O,0.683201671,,,
,0.683090448,,,
Xz,0.683063149,,,
x,0.683062613,,,
receivable,0.683022201,,,
B馨,0.682993829,,,
|,0.681912959,,,
|M,0.681882322,,,
,0.681762218,,,
A,0.681732416,,,
bb,0.681627452,,,
dmv,0.68151021,,,
ƧQ,0.681406796,,,
ײv,0.681289792,,,
tdr,0.681122184,,,
,0.681087792,,,
s,0.681087017,,,
,0.68103528,,,
|,0.68090713,,,
TS,0.680853903,,,
Ȧ~,0.68067193,,,
Ʋ~,0.680616498,,,
Ȼs~,0.680611789,,,
NjQ,0.680509686,,,
귽tm,0.680357575,,,
Tw겣,0.680332422,,,
n,0.680292964,,,
M,0.680270493,,,
ȹ,0.680193543,,,
{,0.680107415,,,
~~,0.680101395,,,
u~~,0.679969907,,,
distilled,0.679953158,,,
ʪo,0.679822922,,,
~,0.679677248,,,
¹,0.679663181,,,
|p,0.679423571,,,
ɾP,0.679221749,,,
k,0.67903161,,,
|,0.678871214,,,
uֺ,0.678841472,,,
整潔,0.750524640083313
寬敞,0.7344445586204529
舒適性,0.72581946849823
採光,0.7208669185638428
美觀,0.7065764665603638
舒適度,0.7058898210525513
空間感,0.7010643482208252
奢華,0.6941412687301636
更佳,0.6925836801528931
空氣流通,0.6917644739151001
保養,0.6833399534225464
耐用,0.6750848889350891
悠閒,0.6750035881996155
人性化,0.6744624376296997
暖氣,0.6679641008377075
高檔,0.6674395799636841
通風,0.6674215793609619
軟墊,0.6673779487609863
非常適合,0.6594405174255371
靈活,0.6561607122421265
節省能源,0.6549038887023926
便宜,0.651841402053833
陳舊,0.6509770154953003
廉宜,0.6507560610771179
彈性,0.6491998434066772
廉價,0.6491751670837402
適合,0.6480133533477783
防水,0.647418737411499
一應俱全,0.6464358568191528
簡陋,0.6463200449943542
擁擠,0.6462416648864746
舒適感,0.6436557769775391
昂貴,0.6432228088378906
座椅,0.6425923109054565
隔音,0.6409651637077332
殘舊,0.6403966546058655
省油,0.6393771767616272
取暖,0.638315737247467
保暖,0.6368554830551147
方便,0.6344934701919556
乾淨,0.633130669593811
精緻,0.6325739026069641
貼近,0.6323834657669067
清潔,0.6315394639968872
坐椅,0.6301807165145874
低廉,0.6278650760650635
輕盈,0.6277103424072266
照明設備,0.627353310585022
開揚,0.6272339820861816
更能,0.6260050535202026
節能,0.6244596838951111
通爽,0.6238736510276794
透氣,0.6237196326255798
吸菸室,0.6233865022659302
備有,0.6224361062049866
桌椅,0.6220320463180542
樂趣,0.6213421821594238
髒亂,0.6209312081336975
適於,0.6205568313598633
噪音,0.6200493574142456
自然光,0.6191538572311401
椅背,0.6169300675392151
質感,0.616612434387207
擠擁,0.6146677732467651
室內,0.614391028881073
戶外,0.6139534711837769
方便使用,0.6136358380317688
走動,0.6123872995376587
易於,0.6112502813339233
便捷,0.6100647449493408
視野,0.6094815135002136
品味,0.6093368530273438
順暢,0.6092197895050049
天窗,0.6084023714065552
傢俱,0.6079310774803162
簡樸,0.6061035394668579
輕巧,0.6050453782081604
笨重,0.604880690574646
更好,0.6045281887054443
下層,0.6044953465461731
寬廣,0.604229211807251
周圍環境,0.6041454076766968
質素,0.6037464737892151
享受,0.6036335825920105
遮陽,0.6030139327049255
交通工具,0.6023384928703308
燒煤,0.6021335124969482
便利,0.6019680500030518
充足,0.6018573641777039
玻璃幕牆,0.6006287336349487
恆溫,0.6005854606628418
較差,0.6001441478729248
用品,0.5992950797080994
擺設,0.5992733240127563
代步,0.5991616249084473
豪華,0.5988090634346008
開放式,0.5987809896469116
適宜,0.5980854034423828
優雅,0.5963425636291504
停車位,0.5962046384811401
內部空間,0.5955684185028076
遊人,0.5953689813613892
爬梯,0.5952157974243164
優點,0.5944010019302368
良好,0.593869686126709
品質,0.5937132835388184
玻璃窗,0.5935763120651245
衣著,0.5934667587280273
觸覺,0.5934460759162903
盡量,0.5928107500076294
新鮮空氣,0.5925277471542358
情趣,0.5918382406234741
享用,0.5916306972503662
人流,0.5915681719779968
燈光設備,0.5914452075958252
絕佳,0.5909439325332642
淋浴,0.5905556678771973
顧客,0.5903723239898682
手推車,0.5897485017776489
極佳,0.5892919898033142
實用性,0.588881254196167
舒服,0.5887397527694702
迎合,0.5886484384536743
平民化,0.5879356265068054
節約能源,0.587692379951477
可供,0.5874346494674683
吸引力,0.5866618156433105
衣物,0.5861049890518188
厚重,0.5860576629638672
新穎,0.5860177874565125
需求,0.5851271748542786
隔熱,0.5849503874778748
活力,0.5848494172096252
用料,0.5844252109527588
餐點,0.5839869976043701
寬闊,0.5839006900787354
堅固耐用,0.5831111669540405
設備齊全,0.5827106237411499
有助,0.5823946595191956
胸罩,0.581989586353302
天花板,0.5817061066627502
安靜,0.5815203189849854
舒緩,0.5798479318618774
減低,0.579712986946106
地板,0.5789302587509155
壓迫感,0.5785129070281982
破舊,0.5784242153167725
周遭,0.576561689376831
飲水,0.5762795209884644
貼心,0.5760439038276672
休閒,0.5759724974632263
優質,0.5757616758346558
極差,0.5749744176864624
價格低廉,0.574826717376709
燈光效果,0.5746480226516724
好去處,0.5744816064834595
更會,0.5744163990020752
壁爐,0.5736748576164246
清幽,0.5731701850891113
多樣化,0.5730633735656738
自然通風,0.5729117393493652
厚實,0.5727771520614624
高品質,0.5726720690727234
觸感,0.5717852115631104
公共廁所,0.5716312527656555
省水,0.5716238617897034
按摩,0.5707669258117676
名牌商品,0.5706897974014282
文胸,0.5700916051864624
車窗,0.5695824027061462
兼具,0.569503128528595
扶手,0.5685840845108032
嘈雜,0.5684841871261597
保溫,0.5684473514556885
開闊,0.568435549736023
操控性,0.5683266520500183
體面,0.5682970285415649
腳踏車,0.5682049989700317
便利性,0.5680756568908691
不論是,0.5676203370094299
減碳,0.5674607157707214
溜冰鞋,0.5673372745513916
清爽,0.5673000812530518
狹小,0.566696286201477
並可,0.5664366483688354
生活用品,0.5663152933120728
適應,0.5662190914154053
適中,0.5659651756286621
露天,0.5659555792808533
露臺,0.5656747221946716
旅遊者,0.5656254291534424
靈活性,0.5651869177818298
車室,0.5651717185974121
車內,0.5650832056999207
散熱,0.5649778842926025
吸菸區,0.5646932125091553
速度快,0.5646082758903503
利落,0.563881516456604
必需品,0.5638337731361389
布料,0.5636975765228271
貢多拉,0.5636969208717346
務求,0.5635262727737427
窗戶,0.5617925524711609
音響設備,0.5617891550064087
防震,0.5612656474113464
洗手間,0.5603885054588318
堅韌,0.5603134036064148
顯得,0.5598007440567017
高昂,0.5592540502548218
洗衣機,0.5586504340171814
狹窄,0.5584251880645752
用電,0.5576882362365723
長椅,0.5573224425315857
美感,0.5569923520088196
色彩繽紛,0.5564430356025696
給人,0.5555135011672974
耐用性,0.5547809600830078
燈具,0.5547620058059692
窗簾,0.5546942949295044
內飾,0.5543718338012695
實惠,0.5541197061538696
底層,0.5539337396621704
睡床,0.5537827014923096
住宿,0.5536801218986511
充分利用,0.5535590052604675
衛浴,0.5533218383789062
護墊,0.5532823801040649
多功能,0.5532236695289612
自助,0.5531916618347168
平衡感,0.5530911087989807
省力,0.552890956401825
餐桌,0.5526942014694214
靈敏,0.5519605875015259
餐具,0.551759660243988
現代感,0.5516573190689087
增添,0.5515680313110352
體驗,0.5513797998428345
鞋,0.5512990951538086
價格昂貴,0.551181435585022
多層,0.5510764122009277
衛生間,0.5507505536079407
整齊,0.5505751371383667
購物袋,0.5504758954048157
盡情,0.5499252080917358
戶外活動,0.5496947765350342
愉悅,0.5496665239334106
觀景,0.5495530962944031
電扇,0.5494508743286133
水龍頭,0.5490177273750305
座墊,0.5486723184585571
沙發,0.548659086227417
粗糙,0.5484318733215332
座位,0.5473864078521729
推車,0.547385573387146
應有盡有,0.5472877025604248
適度,0.5470956563949585
玻璃牆,0.5466973185539246
冷氣機,0.5466345548629761
緊湊,0.5466195344924927
冷氣,0.5463653206825256
服務水平,0.5462819337844849
玩樂,0.5462365746498108
層次感,0.546158492565155
裝潢,0.5460114479064941
有助於,0.5459471344947815
樓梯,0.5458870530128479
安全帶,0.5458688735961914
透風,0.5458643436431885
陰暗,0.545483410358429
休閒活動,0.5454587340354919
照明燈,0.5452398061752319
家居,0.5448881387710571
多樣,0.5447900891304016
易達,0.5447286367416382
運動量,0.5446817278862
選購,0.5446303486824036
整體而言,0.5446070432662964
空氣調節,0.5444746613502502
只能靠,0.5442918539047241
放鬆,0.5439223647117615
房屋內,0.5439178347587585
節省成本,0.5433006882667542
店外,0.5432673096656799
旺盛,0.5431667566299438
水管,0.542941689491272
有效率,0.5428701043128967
客艙,0.5428152680397034
手感,0.5427594184875488
僅靠,0.5424628257751465
穿戴,0.5424435138702393
頂層,0.5422898530960083
車頂,0.5422883629798889
耐,0.5422860383987427
購物,0.5422767996788025
度高,0.5422658324241638
略顯,0.5421760082244873
比外,0.542104959487915
空調設備,0.5420515537261963
優越,0.541982889175415
經濟性,0.5418485999107361
經濟艙,0.5417066812515259
風扇,0.5416605472564697
方便性,0.5416077375411987
齊全,0.5414316654205322
行李艙,0.5413962602615356
毛毯,0.5413299798965454
還可,0.5412752628326416
觀眾席,0.5412657260894775
般,0.5412358045578003
顛簸,0.5412293672561646
人潮,0.5412155985832214
強健,0.541176438331604
時髦,0.5411292314529419
更富,0.5410926938056946
氣派,0.5410416722297668
店內,0.5407933592796326
綠化,0.5405786633491516
柔和,0.5405619740486145
點餐,0.5405154228210449
流動,0.5404300093650818
接送,0.5404069423675537
嬰兒車,0.540393590927124
防雪,0.5403290390968323
睡袋,0.5402230024337769
有供,0.5400158762931824
消閒,0.5399394035339355
方向盤,0.5398539304733276
場內,0.5397536754608154
擠迫,0.5397109985351562
出行,0.5394314527511597
浴池,0.5392848253250122
做工,0.5392717719078064
泳池,0.5392121076583862
配套,0.5391533374786377
顯眼,0.5390284061431885
飲水機,0.5390271544456482
緊貼,0.5389623641967773
突顯,0.538918673992157
高端,0.5388391613960266
順滑,0.5387581586837769
耗油,0.5385087132453918
歐式,0.5382776260375977
個性化,0.5382733345031738
相宜,0.5380991101264954
供暖,0.5380552411079407
剎車燈,0.537976861000061
流線,0.537960410118103
升降機,0.5379499197006226
電動,0.5379388332366943
隨時隨地,0.5377336740493774
私家車,0.5375844240188599
細心,0.5374898910522461
容易,0.5374817848205566
智能家居,0.5371882319450378
天面,0.5371840596199036
工作臺,0.5371479988098145
露營車,0.5370147824287415
必備,0.5370067358016968
馬桶,0.5369703769683838
物料,0.536527156829834
多元化,0.5364376902580261
貨架,0.5361272692680359
環境,0.5358865261077881
專為,0.5356279611587524
圓潤,0.5355449914932251
市場需求,0.5355300903320312
細緻,0.5354382395744324
吧檯,0.5352956056594849
玩意,0.5351979732513428
充滿活力,0.535150945186615
百葉窗,0.5351446270942688
精巧,0.5350091457366943
但會,0.5349987745285034
區供,0.5345146656036377
燈泡,0.5343704223632812
浴室,0.5343105792999268
車箱,0.5340656042098999
路面,0.5340651273727417
隔音牆,0.5337825417518616
高效,0.5336872339248657
飽覽,0.5336169004440308
置身,0.5335429906845093
更具,0.5334512591362
侷促,0.5333120822906494
後座,0.5331262350082397
缺點,0.5331204533576965
燈飾,0.5330165028572083
配件,0.5330098867416382
清新,0.5327399969100952
挑高,0.5324720144271851
供應,0.5322470664978027
參觀者,0.5321708917617798
承載,0.5321463942527771
極好,0.5321029424667358
防塵,0.5320494174957275
莊重,0.5320411920547485
不便,0.5320073366165161
空氣,0.53197181224823
熨燙,0.5319424271583557
兼顧,0.5318604707717896
光鮮,0.5317552089691162
偏窄,0.5316383838653564
設備,0.531335711479187
充裕,0.5311020016670227
高質量,0.5310559272766113
隨處可見,0.5309996604919434
寫字檯,0.5309182405471802
機能性,0.5307968854904175
有利於,0.530490517616272
不易,0.530478835105896
隱形眼鏡,0.5303295850753784
上層,0.5303075909614563
調節,0.5302729606628418
柔軟,0.5301177501678467
愜意,0.5300783514976501
不美觀,0.5300611853599548
逼真,0.5300420522689819
體積小,0.5300031304359436
高且,0.5299316048622131
平常,0.529609203338623
節省,0.5295603275299072
廁所,0.5295301675796509
凌亂,0.5295287370681763
踏板,0.5295168161392212
微波爐,0.5294688940048218
櫥窗,0.5288349390029907
耐久性,0.5286547541618347
墊,0.5286173820495605
價格便宜,0.5282975435256958
受限,0.5282352566719055
消費,0.5281509160995483
毛巾,0.5280874371528625
攤檔,0.5277873277664185
燒烤爐,0.5276201963424683
悶熱,0.5274101495742798
人體工學,0.5273895263671875
一層,0.5271095037460327
毛背心,0.5270992517471313
配搭,0.5270246863365173
隔間,0.5270122289657593
攜帶方便,0.5268371105194092
屋頂,0.5265930891036987
住屋,0.5264633297920227
窗型,0.5263976454734802
茶座,0.5263386368751526
吃力,0.5262395143508911
用具,0.5260992050170898
安全意識,0.5260096788406372
速度感,0.5259965062141418
舊式,0.5259175300598145
按摩椅,0.5256249904632568
攀爬,0.5254857540130615
太高,0.5254820585250854
獨特,0.5253393650054932
牆壁,0.5252103805541992
觸摸,0.52510005235672
清潔衛生,0.5250990390777588
煮食,0.5249247550964355
尿片,0.5248004198074341
圓滑,0.5247809886932373
周邊環境,0.5246352553367615
吸塵器,0.5239375829696655
窄小,0.5237017869949341
全天候,0.5236588716506958
成本高,0.5235421657562256
奢侈品,0.5234007835388184
空氣清新,0.5233786106109619
更高,0.5233395099639893
圍欄,0.5232664346694946
成本低,0.5227319002151489
極優,0.522597074508667
平時,0.5225749015808105
流線型,0.5223897695541382
負荷,0.5223489999771118
洗車,0.5223325490951538
高效率,0.522314190864563
自給自足,0.5222699642181396
空曠,0.5222174525260925
路燈,0.5221654176712036
淋浴間,0.5220781564712524
排水系統,0.522009015083313
通透,0.5218854546546936
就餐,0.5218793749809265
路況,0.521863579750061
變髒,0.5216892957687378
予人,0.5216307640075684
價錢,0.5212719440460205
內裝,0.5211181640625
冬暖夏涼,0.5210215449333191
公廁,0.5209969878196716
收腰,0.5209781527519226
老式,0.5209205746650696
防盜,0.5209121704101562
上落,0.5208672285079956
市容,0.5207524299621582
寢具,0.5207341909408569
草皮,0.520703911781311
尺碼,0.5202603340148926
行李箱,0.5201994180679321
雜亂,0.5201783776283264
整潔,0.750524640083313
寬敞,0.7344445586204529
舒適性,0.72581946849823
採光,0.7208669185638428
美觀,0.7065764665603638
舒適度,0.7058898210525513
空間感,0.7010643482208252
奢華,0.6941412687301636
更佳,0.6925836801528931
空氣流通,0.6917644739151001
保養,0.6833399534225464
耐用,0.6750848889350891
悠閒,0.6750035881996155
人性化,0.6744624376296997
暖氣,0.6679641008377075
高檔,0.6674395799636841
通風,0.6674215793609619
軟墊,0.6673779487609863
非常適合,0.6594405174255371
靈活,0.6561607122421265
節省能源,0.6549038887023926
便宜,0.651841402053833
陳舊,0.6509770154953003
廉宜,0.6507560610771179
彈性,0.6491998434066772
廉價,0.6491751670837402
適合,0.6480133533477783
防水,0.647418737411499
一應俱全,0.6464358568191528
簡陋,0.6463200449943542
擁擠,0.6462416648864746
舒適感,0.6436557769775391
昂貴,0.6432228088378906
座椅,0.6425923109054565
隔音,0.6409651637077332
殘舊,0.6403966546058655
省油,0.6393771767616272
取暖,0.638315737247467
保暖,0.6368554830551147
方便,0.6344934701919556
乾淨,0.633130669593811
精緻,0.6325739026069641
貼近,0.6323834657669067
清潔,0.6315394639968872
坐椅,0.6301807165145874
低廉,0.6278650760650635
輕盈,0.6277103424072266
照明設備,0.627353310585022
開揚,0.6272339820861816
更能,0.6260050535202026
節能,0.6244596838951111
通爽,0.6238736510276794
透氣,0.6237196326255798
吸菸室,0.6233865022659302
備有,0.6224361062049866
桌椅,0.6220320463180542
樂趣,0.6213421821594238
髒亂,0.6209312081336975
適於,0.6205568313598633
噪音,0.6200493574142456
自然光,0.6191538572311401
椅背,0.6169300675392151
質感,0.616612434387207
擠擁,0.6146677732467651
室內,0.614391028881073
戶外,0.6139534711837769
方便使用,0.6136358380317688
走動,0.6123872995376587
易於,0.6112502813339233
便捷,0.6100647449493408
視野,0.6094815135002136
品味,0.6093368530273438
順暢,0.6092197895050049
天窗,0.6084023714065552
傢俱,0.6079310774803162
簡樸,0.6061035394668579
輕巧,0.6050453782081604
笨重,0.604880690574646
更好,0.6045281887054443
下層,0.6044953465461731
寬廣,0.604229211807251
周圍環境,0.6041454076766968
質素,0.6037464737892151
享受,0.6036335825920105
遮陽,0.6030139327049255
交通工具,0.6023384928703308
燒煤,0.6021335124969482
便利,0.6019680500030518
充足,0.6018573641777039
玻璃幕牆,0.6006287336349487
恆溫,0.6005854606628418
較差,0.6001441478729248
用品,0.5992950797080994
擺設,0.5992733240127563
代步,0.5991616249084473
豪華,0.5988090634346008
開放式,0.5987809896469116
適宜,0.5980854034423828
優雅,0.5963425636291504
停車位,0.5962046384811401
